<beans:beans xmlns="http://www.springframework.org/schema/security"
       xmlns:beans="http://www.springframework.org/schema/beans" xmlns:xsi="http://www.w3.org/2001/XMLSchema-instance"
       xsi:schemaLocation="http://www.springframework.org/schema/beans
       http://www.springframework.org/schema/beans/spring-beans.xsd
       http://www.springframework.org/schema/security
       http://www.springframework.org/schema/security/spring-security.xsd
       http://www.springframework.org/schema/context
       http://www.springframework.org/schema/context/spring-context.xsd"
       xmlns:context="http://www.springframework.org/schema/context">
	<http auto-config="true">
		<intercept-url pattern="/" access="permitAll" />
		<intercept-url pattern="/user" access="permitAll" />
		<intercept-url pattern="/admin"
			access="hasRole('ROLE_ADMIN')" />
		<!-- <intercept-url pattern="/dba" access="hasRole('ROLE_DBA')" /> -->
	</http>
	<authentication-manager>
		<authentication-provider>
			<user-service>
				<user name="aaa" password="aaa123" authorities="ROLE_ADMIN" />
				<!-- <user-name name="bbb" password="bbb123" authorities="ROLE_DBA" /> -->
			</user-service>
		</authentication-provider>
	</authentication-manager>
</beans:beans>